{
	"credit": "Made with Blockbench",
	"textures": {
		"0": "models:bullet",
		"particle": "models:bullet"
	},
	"elements": [
		{
			"from": [6, 0, 6],
			"to": [10, 4, 10],
			"faces": {
				"north": {"uv": [0, 0, 4, 4], "texture": "#0"},
				"east": {"uv": [0, 5, 4, 9], "texture": "#0"},
				"south": {"uv": [5, 0, 9, 4], "texture": "#0"},
				"west": {"uv": [5, 5, 9, 9], "texture": "#0"},
				"up": {"uv": [4, 14, 0, 10], "texture": "#0"},
				"down": {"uv": [14, 0, 10, 4], "texture": "#0"}
			}
		}
	],
	"display": {
		"thirdperson_righthand": {
			"translation": [0, 4, -2]
		},
		"thirdperson_lefthand": {
			"translation": [0, 4, -2]
		},
		"firstperson_righthand": {
			"translation": [0, 7.5, 0]
		},
		"firstperson_lefthand": {
			"translation": [0, 7.5, 0]
		},
		"ground": {
			"translation": [0, 4.25, 0]
		},
		"gui": {
			"rotation": [12, 160, 0],
			"translation": [0, 18, 0],
			"scale": [3, 3, 3]
		},
		"head": {
			"translation": [0, 7.75, 0]
		},
		"fixed": {
			"translation": [0, 18, 2.75],
			"scale": [3, 3, 3]
		}
	}
}