{
  "type": "hypixel_skyblock:skyblockisland",
  "generator": {
    "type": "minecraft:noise",
    "seed": 0,
    "biome_source": {
      "type": "minecraft:multi_noise",
      "seed": 0,
      "temperature_noise": {
        "firstOctave": -5.11,
        "amplitudes": [
          2,
          2
        ]
      },
      "humidity_noise": {
        "firstOctave": -5.11,
        "amplitudes": [
          2,
          2
        ]
      },
      "altitude_noise": {
        "firstOctave": -5.11,
        "amplitudes": [
          2,
          2
        ]
      },
      "weirdness_noise": {
        "firstOctave": -5.11,
        "amplitudes": [
          2,
          2
        ]
      },
      "biomes": [
        {
          "biome": "the_void",
          "parameters": {
            "temperature": 0,
            "humidity": 0,
            "altitude": 0,
            "weirdness": 0,
            "offset": 0
          }
        }
      ]
    },
    "settings": {
      "name": "hypixel_skyblock:skyblockisland",
      "bedrock_roof_position": -10,
      "bedrock_floor_position": -10,
      "sea_level": 0,
      "disable_mob_generation": true,
      "default_block": {
        "Name": "minecraft:air"
      },
      "default_fluid": {
        "Name": "minecraft:air"
      },
      "noise": {
        "density_factor": 0,
        "density_offset": 0,
        "simplex_surface_noise": true,
        "random_density_offset": false,
        "island_noise_override": true,
        "amplified": false,
        "size_horizontal": 2,
        "size_vertical": 1,
        "height": 128,
        "sampling": {
          "xz_scale": 2,
          "y_scale": 1,
          "xz_factor": 80,
          "y_factor": 160
        },
        "bottom_slide": {
          "target": -30,
          "size": 7,
          "offset": 1
        },
        "top_slide": {
          "target": -3000,
          "size": 64,
          "offset": -46
        }
      },
      "structures": {
        "structures": {}
      }
    }
  }
}