{
  "_fv": 34,
  "_type": "enchantment",
  "definition": {
    "name": "Implosion",
    "type": "WEAPON",
    "rarity": "VERY_RARE",
    "minLevel": 1,
    "maxLevel": 1,
    "damageModifier": 0,
    "compatibleEnchantments": [],
    "excludeEnchantments": false,
    "compatibleItems": [
      {
        "value": "CUSTOM:Hyperion"
      }
    ],
    "excludeItems": false,
    "isTreasureEnchantment": true,
    "isCurse": false,
    "isAllowedOnBooks": true,
    "canGenerateInLootTables": true,
    "canVillagerTrade": false
  }
}