{
  "_fv": 34,
  "_type": "rangeditem",
  "definition": {
    "renderType": 1,
    "texture": "mauricestaff",
    "customModelName": "uk_bullet:default",
    "name": "Maurice staff",
    "specialInfo": [],
    "creativeTab": {
      "value": "CUSTOM:Hypixel"
    },
    "stackSize": 1,
    "ammoItem": {
      "value": ""
    },
    "shootConstantly": true,
    "usageCount": 100,
    "actionSound": {
      "value": "CUSTOM:uk_bulletshot"
    },
    "hasGlow": false,
    "animation": "none",
    "enableMeleeDamage": false,
    "damageVsEntity": 0.0,
    "bulletPower": 1.0,
    "bulletDamage": 5.0,
    "bulletKnockback": 5,
    "bulletParticles": false,
    "bulletIgnitesFire": false,
    "bulletItemTexture": {
      "value": "CUSTOM:EnchantedRedstone"
    },
    "bulletModel": "Modeluk_bullet",
    "customBulletModelTexture": "uk_bullet_ent.png",
    "onBulletHitsBlock": {
      "name": "MauricestaffProjectileHits"
    },
    "onBulletHitsEntity": {
      "name": "MauricestaffProjectileHits"
    },
    "onBulletFlyingTick": {
      "name": "MauricestaffWhileProjectileFlyingTick"
    }
  }
}