{
  "_fv": 34,
  "_type": "gui",
  "definition": {
    "type": 1,
    "width": 176,
    "height": 166,
    "inventoryOffsetX": 0,
    "inventoryOffsetY": 0,
    "renderBgLayer": true,
    "doesPauseGame": false,
    "components": [
      {
        "type": "label",
        "data": {
          "text": "disguise block",
          "color": {
            "value": -12829636,
            "falpha": 0.0
          },
          "name": "disguise block",
          "x": 133,
          "y": 50
        }
      },
      {
        "type": "inputslot",
        "data": {
          "inputLimit": {
            "value": ""
          },
          "color": {
            "value": -39424,
            "falpha": 0.0
          },
          "id": 0,
          "disableStackInteraction": false,
          "dropItemsWhenNotBound": true,
          "name": "Slot #0",
          "x": 140,
          "y": 74
        }
      },
      {
        "type": "textfield",
        "data": {
          "placeholder": "100",
          "width": 120,
          "height": 20,
          "name": "ticks",
          "x": 179,
          "y": 73
        }
      },
      {
        "type": "label",
        "data": {
          "text": "replace ticks",
          "color": {
            "value": -12829636,
            "falpha": 0.0
          },
          "name": "replace ticks",
          "x": 225,
          "y": 50
        }
      }
    ],
    "gridSettings": {
      "sx": 18,
      "sy": 18,
      "ox": 11,
      "oy": 15,
      "snapOnGrid": false
    }
  }
}