{
  "_fv": 18,
  "_type": "armor",
  "definition": {
    "enableHelmet": false,
    "textureHelmet": "hyperionarmor_head",
    "enableBody": true,
    "textureBody": "necron_chestplate",
    "enableLeggings": true,
    "textureLeggings": "necron_leggings",
    "enableBoots": true,
    "textureBoots": "necron_boots",
    "creativeTab": {
      "value": "COMBAT"
    },
    "armorTextureFile": "necron_",
    "helmetName": "Hyperionarmor Helmet",
    "bodyName": "Hyperionarmor Chestplate",
    "leggingsName": "Hyperionarmor Leggings",
    "bootsName": "Hyperionarmor Boots",
    "helmetSpecialInfo": [],
    "bodySpecialInfo": [],
    "leggingsSpecialInfo": [],
    "bootsSpecialInfo": [],
    "helmetModelName": "Default",
    "helmetModelPart": "Helmet",
    "helmetModelTexture": "necron_layer_1.png",
    "bodyModelName": "Default",
    "bodyModelPart": "Body",
    "armsModelPartL": "Arms L",
    "armsModelPartR": "Arms R",
    "bodyModelTexture": "necron_layer_1.png",
    "leggingsModelName": "Default",
    "leggingsModelPartL": "Leggings L",
    "leggingsModelPartR": "Leggings R",
    "leggingsModelTexture": "necron_layer_1.png",
    "bootsModelName": "Default",
    "bootsModelPartL": "Boots L",
    "bootsModelPartR": "Boots R",
    "bootsModelTexture": "necron_layer_1.png",
    "maxDamage": 15,
    "damageValueHelmet": 2,
    "damageValueBody": 5,
    "damageValueLeggings": 6,
    "damageValueBoots": 2,
    "enchantability": 9,
    "toughness": 0.0,
    "knockbackResistance": 0.0,
    "equipSound": {
      "value": ""
    },
    "repairItems": []
  }
}