{
  "type": "hypixel_skyblock:skyblockisland",
  "generator": {
    "type": "minecraft:noise",
    "seed": -5642691136889948454,
    "biome_source": {
      "type": "minecraft:multi_noise",
      "seed": -5642691136889948454,
      "temperature_noise": {
        "firstOctave": -5.11,
        "amplitudes": [
          2,
          2
        ]
      },
      "humidity_noise": {
        "firstOctave": -5.11,
        "amplitudes": [
          2,
          2
        ]
      },
      "altitude_noise": {
        "firstOctave": -5.11,
        "amplitudes": [
          2,
          2
        ]
      },
      "weirdness_noise": {
        "firstOctave": -5.11,
        "amplitudes": [
          2,
          2
        ]
      },
      "biomes": [
        {
          "biome": "the_void",
          "parameters": {
            "temperature": 0,
            "humidity": 0,
            "altitude": 0,
            "weirdness": 0,
            "offset": 0
          }
        }
      ]
    },
    "settings": {
      "name": "hypixel_skyblock:skyblockisland",
      "bedrock_roof_position": -10,
      "bedrock_floor_position": -10,
      "sea_level": 0,
      "disable_mob_generation": true,
      "default_block": {
        "Name": "minecraft:air"
      },
      "default_fluid": {
        "Name": "minecraft:air"
      },
      "noise": {
        "density_factor": 0,
        "density_offset": 0,
        "simplex_surface_noise": true,
        "random_density_offset": false,
        "island_noise_override": true,
        "amplified": false,
        "size_horizontal": 2,
        "size_vertical": 1,
        "height": 128,
        "sampling": {
          "xz_scale": 2,
          "y_scale": 1,
          "xz_factor": 80,
          "y_factor": 160
        },
        "bottom_slide": {
          "target": -30,
          "size": 7,
          "offset": 1
        },
        "top_slide": {
          "target": -3000,
          "size": 64,
          "offset": -46
        }
      },
      "structures": {
        "structures": {
          "minecraft:bastion_remnant": {
            "spacing": 27,
            "separation": 4,
            "salt": 30084232
          },
          "minecraft:buried_treasure": {
            "spacing": 1,
            "separation": 0,
            "salt": 0
          },
          "minecraft:desert_pyramid": {
            "spacing": 32,
            "separation": 8,
            "salt": 14357617
          },
          "minecraft:endcity": {
            "spacing": 20,
            "separation": 11,
            "salt": 10387313
          },
          "minecraft:fortress": {
            "spacing": 27,
            "separation": 4,
            "salt": 30084232
          },
          "minecraft:igloo": {
            "spacing": 32,
            "separation": 8,
            "salt": 14357618
          },
          "minecraft:jungle_pyramid": {
            "spacing": 32,
            "separation": 8,
            "salt": 14357619
          },
          "minecraft:mansion": {
            "spacing": 80,
            "separation": 20,
            "salt": 10387319
          },
          "minecraft:mineshaft": {
            "spacing": 1,
            "separation": 0,
            "salt": 0
          },
          "minecraft:monument": {
            "spacing": 32,
            "separation": 5,
            "salt": 10387313
          },
          "minecraft:nether_fossil": {
            "spacing": 2,
            "separation": 1,
            "salt": 14357921
          },
          "minecraft:ocean_ruin": {
            "spacing": 20,
            "separation": 8,
            "salt": 14357621
          },
          "minecraft:pillager_outpost": {
            "spacing": 32,
            "separation": 8,
            "salt": 165745296
          },
          "minecraft:ruined_portal": {
            "spacing": 40,
            "separation": 15,
            "salt": 34222645
          },
          "minecraft:shipwreck": {
            "spacing": 24,
            "separation": 4,
            "salt": 165745295
          },
          "minecraft:stronghold": {
            "spacing": 1,
            "separation": 0,
            "salt": 0
          },
          "minecraft:swamp_hut": {
            "spacing": 32,
            "separation": 8,
            "salt": 14357620
          },
          "minecraft:village": {
            "spacing": 32,
            "separation": 8,
            "salt": 10387312
          }
        }
      }
    }
  }
}